{
    "cargos": [
      {
        "id": "cargo1",
        "type": "maritime",
        "maxWeight": 10000,
        "route": "Europe to North America",
        "distance": 8000,
        "state": "inProgress",
        "totalPrice": 15000,
        "products": [
          {
            "id": "product1",
            "name": "Electronics",
            "quantity": 50,
            "price": 500,
            "weight": 200
          },
          {
            "id": "product2",
            "name": "Clothing",
            "quantity": 100,
            "price": 300,
            "weight": 300
          }
        ]
      },
      {
        "id": "cargo2",
        "type": "aerial",
        "maxWeight": 5000,
        "route": "Asia to Australia",
        "distance": 4000,
        "state": "closed",
        "totalPrice": 8000,
        "products": [
          {
            "id": "product3",
            "name": "Food",
            "quantity": 200,
            "price": 100,
            "weight": 100
          },
          {
            "id": "product4",
            "name": "Chemicals",
            "quantity": 30,
            "price": 1000,
            "weight": 500
          }
        ]
      }
    ]
  }
  